{
  "database1": 1.31970354198711,
  "total": 1.3197269720258191
}