{
  "ga4": 593.1331425181124,
  "ga360": 3928.912425694987,
  "PATENTS": 22.951618332997896,
  "PATENTS_GOOGLE": 23.274259726982564,
  "PATENTSVIEW": 108.48127059906255,
  "GITHUB_REPOS_DATE": 84.74725158303045,
  "GITHUB_REPOS": 12.948752677068114,
  "cms_data": 4527.577184521942,
  "noaa_data": 9914.833575119032,
  "NOAA_DATA_PLUS": 2134.956581965089,
  "NEW_YORK_CITIBIKE_1": 1056.2187341420213,
  "noaa_gsod": 3788.088892150088,
  "NOAA_GLOBAL_FORECAST_SYSTEM": 8.766126344911754,
  "GEO_OPENSTREETMAP": 9.281975570018403,
  "CENSUS_BUREAU_ACS_2": 1193.9889542679302,
  "GEO_OPENSTREETMAP_CENSUS_PLACES": 284.990639747004,
  "GEO_OPENSTREETMAP_WORLDPOP": 9.362772213993594,
  "CRYPTO": 96.23436769994441,
  "HUMAN_GENOME_VARIANTS": 41.37137221696321,
  "ETHEREUM_BLOCKCHAIN": 22.790943798027,
  "ghcn_d": 7306.548950875993,
  "new_york": 836.3433566180756,
  "new_york_plus": 997.1715291229775,
  "san_francisco": 190.73271159199066,
  "san_francisco_plus": 285.87241738301236,
  "SAN_FRANCISCO_PLUS": 57.004732792964205,
  "THELOOK_ECOMMERCE": 19.02627797203604,
  "census_bureau_international": 51.73052652494516,
  "covid19_open_data": 256.873183890013,
  "covid19_open_world_bank": 723.4841610270087,
  "covid19_jhu_world_bank": 8851.61109676899,
  "covid19_nyt": 54.20388710696716,
  "covid19_symptom_search": 6258.625266519957,
  "covid19_usa": 1433.532969575026,
  "census_bureau_acs_1": 3048.311989167938,
  "ncaa_basketball": 599.8629272759426,
  "ncaa_insights": 667.9765448439866,
  "bls": 2072.9952557709767,
  "google_dei": 1708.0473974579945,
  "DEPS_DEV_V1": 23.48813771409914,
  "chicago": 125.53092590800952,
  "open_targets_platform_1": 502.8036456819391,
  "open_targets_platform_2": 1328.1605149639072,
  "open_targets_genetics_1": 869.7715129259741,
  "CYMBAL_INVESTMENTS": 19.938341496977955,
  "gbif": 406.42962284595706,
  "gnomAD": 4074.002834022045,
  "GOOGLE_TRENDS": 9.279283270007,
  "nhtsa_traffic_fatalities_plus": 736.1373845409835,
  "nhtsa_traffic_fatalities": 343.35402213502675,
  "sdoh": 2504.696115792962,
  "openaq": 1312.7515303170076,
  "STACKOVERFLOW": 46.63230955810286,
  "stackoverflow": 881.0527485610219,
  "fhir_synthea": 277.29320605902467,
  "the_met": 411.01290944602806,
  "eclipse_megamovie": 65.17643473704811,
  "epa_historical_air_quality": 898.4856756649679,
  "IDC": 657.0402702169959,
  "IOWA_LIQUOR_SALES": 8.86323896900285,
  "iowa_liquor_sales": 65.85872416594066,
  "iowa_liquor_sales_plus": 132.76394791004714,
  "nppes": 4594.23594985099,
  "usa_names": 96.02714690403081,
  "TCGA": 1646.9828820870025,
  "CPTAC_PDC": 3555.752039203071,
  "TCGA_MITELMAN": 1640.6055494679604,
  "TCGA_HG19_DATA_V0": 174.68838000600226,
  "TCGA_HG38_DATA_V0": 479.87292935105506,
  "PANCANCER_ATLAS_1": 500.02562374505214,
  "pancancer_atlas_2": 4178.517998413066,
  "_1000_genomes": 23.86727911804337,
  "austin": 236.01844424195588,
  "bbc": 10.195317787933163,
  "dimensions_ai_covid19": 468.3499750640476,
  "ebi_chembl": 24609.252596202074,
  "fda": 2378.7970917009516,
  "GOOGLE_ADS": 4.649974323925562,
  "world_bank": 446.8877432270674,
  "london": 136.9436222530203,
  "irs_990": 4326.4262117890175,
  "ecommerce": 181.31407552503515,
  "META_KAGGLE": 19.51687553501688,
  "DEATH": 22.845434088958427,
  "firebase": 562.8439818769693,
  "E_commerce": 158.2638734220527,
  "Baseball": 81.60469464899506,
  "California_Traffic_Collision": 98.03511307493318,
  "WWE": 15.489557233988307,
  "IPL": 3.077462373068556,
  "Brazilian_E_Commerce": 230.69159548194148,
  "Pagila": 11.025578917004168,
  "education_business": 36.6427235789597,
  "modern_data": 5.630282637081109,
  "bank_sales_trading": 12.64640937303193,
  "DB_IMDB": 5.015638596960343,
  "EntertainmentAgency": 2.7989782879594713,
  "SQLITE_SAKILA": 2.941232312936336,
  "delivery_center": 3.9355504870181903,
  "EU_soccer": 150.2638299439568,
  "f1": 61.34571381099522,
  "GLOBAL_WEATHER__CLIMATE_DATA_FOR_BI": 6.224563448922709,
  "FINANCE__ECONOMICS": 164.95904998702463,
  "WEATHER__ENVIRONMENT": 81.28773937304504,
  "BRAZE_USER_EVENT_DEMO_DATASET": 233.97010803990997,
  "US_ADDRESSES__POI": 22.567544359946623,
  "CENSUS_GALAXY__ZIP_CODE_TO_BLOCK_GROUP_SAMPLE": 30.21289830293972,
  "CENSUS_GALAXY__AIML_MODEL_DATA_ENRICHMENT_SAMPLE": 28.983109434950165,
  "total": 130725.62251344998
}