{
  "ASIS_20161108_HerpInv_Database": 17.64038568700198,
  "ATBI": 14.624985885981005,
  "CratersWildlifeObservations": 6.371246244001668,
  "KlamathInvasiveSpecies": 14.134903054975439,
  "NorthernPlainsFireManagement": 14.595828107034322,
  "NTSB": 159.51832330896286,
  "NYSED_SRC2022": 723.2962263569934,
  "PacificIslandLandbirds": 5.921181066019926,
  "SBODemoUS": 3424.416299276054,
  "total": 4380.519481326977
}