{
  "debit_card_specializing": 3.6820608290145174,
  "financial": 3.003780366969295,
  "formula_1": 32.304439043975435,
  "california_schools": 198.547165714961,
  "card_games": 277.6897650209721,
  "european_football_2": 30.475032133981586,
  "thrombosis_prediction": 3.4012730169924907,
  "toxicology": 1.325493948010262,
  "student_club": 23.456211692013312,
  "superhero": 3.1496800969471224,
  "codebase_community": 68.19414635200519,
  "total": 645.2291317749768
}