{
  "ga360": 32337.262163320993,
  "PATENTS": 18.519254671991803,
  "PATENTS_GOOGLE": 19.839639735000674,
  "PATENTSVIEW": 84.35128358200018,
  "GITHUB_REPOS_DATE": 75.61693619600555,
  "GITHUB_REPOS": 6.90753327299899,
  "cms_data": 208.15798129100585,
  "noaa_data": 1795.9599771040084,
  "NOAA_DATA_PLUS": 1869.4033199599944,
  "NEW_YORK_CITIBIKE_1": 1151.0258610019955,
  "noaa_gsod": 758.3280199399887,
  "NOAA_GLOBAL_FORECAST_SYSTEM": 32.161381298996275,
  "GEO_OPENSTREETMAP": 20.95137086500472,
  "CENSUS_BUREAU_ACS_2": 17660.23758475599,
  "GEO_OPENSTREETMAP_CENSUS_PLACES": 277.7792943699751,
  "GEO_OPENSTREETMAP_WORLDPOP": 23.510691422008676,
  "CRYPTO": 123.99379366199719,
  "HUMAN_GENOME_VARIANTS": 42.680739439994795,
  "ETHEREUM_BLOCKCHAIN": 23.62997526000254,
  "ghcn_d": 534.138721188996,
  "new_york": 119.44915616500657,
  "new_york_plus": 213.1587690350134,
  "san_francisco": 32.44985374499811,
  "san_francisco_plus": 68.44732167600887,
  "SAN_FRANCISCO_PLUS": 66.973195855011,
  "THELOOK_ECOMMERCE": 23.711948066018522,
  "census_bureau_international": 34.83676323702093,
  "covid19_open_data": 169.10902294400148,
  "covid19_open_world_bank": 248.9249444330053,
  "covid19_jhu_world_bank": 961.147957565001,
  "covid19_nyt": 6.287361483002314,
  "covid19_symptom_search": 737.9601275459863,
  "covid19_usa": 18855.660985452007,
  "census_bureau_acs_1": 17047.055846920994,
  "ncaa_basketball": 120.3662650139886,
  "ncaa_insights": 143.33831242099404,
  "bls": 5697.525414473988,
  "google_dei": 6361.885687010974,
  "DEPS_DEV_V1": 21.87818729999708,
  "chicago": 9.61552287399536,
  "open_targets_platform_1": 181.28570198800298,
  "open_targets_platform_2": 205.71582459000638,
  "open_targets_genetics_1": 84.00834727601614,
  "CYMBAL_INVESTMENTS": 3.9246222710062284,
  "gbif": 14.876027580990922,
  "gnomAD": 10378.752006739,
  "GOOGLE_TRENDS": 7.479986276011914,
  "nhtsa_traffic_fatalities_plus": 117.71619225799805,
  "nhtsa_traffic_fatalities": 88.60326347799855,
  "sdoh": 17606.577714481013,
  "openaq": 263.25536595401354,
  "STACKOVERFLOW": 54.69429075802327,
  "stackoverflow": 54.66397438198328,
  "fhir_synthea": 2834.3689475739957,
  "the_met": 31.32916710601421,
  "eclipse_megamovie": 35.65895768100745,
  "total": 139967.191283651
}