{
  "debit_card_specializing": 7.3531355089508,
  "financial": 13.343721308978274,
  "formula_1": 29.543342655990273,
  "california_schools": 24.384348828927614,
  "card_games": 34.27508909103926,
  "european_football_2": 121.24311892490368,
  "thrombosis_prediction": 16.634112305007875,
  "toxicology": 2.54307291097939,
  "student_club": 16.473313719965518,
  "superhero": 7.859113909071311,
  "codebase_community": 21.79318091191817,
  "total": 295.4616920540575
}