{
  "debit_card_specializing": 8.726368594914675,
  "financial": 13.412173490971327,
  "formula_1": 23.65886765299365,
  "california_schools": 28.048488702974282,
  "card_games": 29.335739022004418,
  "european_football_2": 55.13143515994307,
  "thrombosis_prediction": 15.987902770051733,
  "toxicology": 2.625893807038665,
  "student_club": 12.876843533013016,
  "superhero": 7.841194905922748,
  "codebase_community": 20.149511100025848,
  "total": 217.80640079302248
}