{
  "NTSB": 330.0438697929494,
  "NYSED_SRC2022": 111.6054036100395,
  "PacificIslandLandbirds": 54.25618006801233,
  "SBODemoUS": 30167.419101004023,
  "total": 30663.590270227054
}