{
  "debit_card_specializing": 4.5783024249831215,
  "financial": 12.535879725939594,
  "formula_1": 20.677393582067452,
  "california_schools": 23.495010925922543,
  "card_games": 58.92208014894277,
  "european_football_2": 79.14541917701717,
  "thrombosis_prediction": 16.084419291000813,
  "toxicology": 1.872243206948042,
  "student_club": 12.915156146045774,
  "superhero": 6.786969864042476,
  "codebase_community": 18.50715136900544,
  "total": 255.52338988694828
}