{
  "debit_card_specializing": 3.2579029051121324,
  "financial": 5.60990110586863,
  "formula_1": 9.871054100920446,
  "california_schools": 5.164998012944125,
  "card_games": 12.554324807948433,
  "european_football_2": 8.8834536280483,
  "thrombosis_prediction": 10.160025010933168,
  "toxicology": 9.905993464984931,
  "student_club": 10.25663140497636,
  "superhero": 8.646157599054277,
  "codebase_community": 1050.3652905570343,
  "total": 1147.2412231750786
}