{
  "database1": 1.1899974197149277e-05,
  "total": 7.940752149908803
}