{
  "ga4": 7.74416848202236,
  "ga360": 24.283909047255293,
  "PATENTS": 6.255098967347294,
  "PATENTS_GOOGLE": 5.087039707927033,
  "PATENTSVIEW": 5.825025273021311,
  "GITHUB_REPOS_DATE": 5.1171357170678675,
  "GITHUB_REPOS": 6.160467671928927,
  "cms_data": 5.285104146227241,
  "noaa_data": 6.755725568160415,
  "NOAA_DATA_PLUS": 5.8455687870737165,
  "NEW_YORK_CITIBIKE_1": 6.0162663229275495,
  "noaa_gsod": 5.173253376735374,
  "NOAA_GLOBAL_FORECAST_SYSTEM": 5.939966341713443,
  "GEO_OPENSTREETMAP": 5.526066985214129,
  "CENSUS_BUREAU_ACS_2": 7.6831713921856135,
  "GEO_OPENSTREETMAP_CENSUS_PLACES": 6.160593404201791,
  "GEO_OPENSTREETMAP_WORLDPOP": 5.517930123023689,
  "CRYPTO": 6.9449890069663525,
  "HUMAN_GENOME_VARIANTS": 5.663767653284594,
  "ETHEREUM_BLOCKCHAIN": 5.595277104759589,
  "ghcn_d": 5.211527053732425,
  "new_york": 6.54916982492432,
  "new_york_plus": 5.537544107995927,
  "san_francisco": 5.3801205358468,
  "san_francisco_plus": 7.147503976942971,
  "SAN_FRANCISCO_PLUS": 5.710216701962054,
  "THELOOK_ECOMMERCE": 5.8912420400884,
  "census_bureau_international": 5.300228479783982,
  "covid19_open_data": 6.408981275046244,
  "covid19_open_world_bank": 5.91050191805698,
  "covid19_jhu_world_bank": 6.1557260260451585,
  "covid19_nyt": 5.284332366893068,
  "covid19_symptom_search": 6.823055632179603,
  "covid19_usa": 9.31054528686218,
  "census_bureau_acs_1": 10.024659472284839,
  "ncaa_basketball": 5.2671437547542155,
  "ncaa_insights": 6.205563974799588,
  "bls": 7.010031529003754,
  "google_dei": 6.815374205820262,
  "DEPS_DEV_V1": 5.386396689107642,
  "chicago": 6.22431614715606,
  "open_targets_platform_1": 6.409236190607771,
  "open_targets_platform_2": 6.008998137200251,
  "open_targets_genetics_1": 6.307692083297297,
  "CYMBAL_INVESTMENTS": 5.862741086166352,
  "gbif": 5.449236654676497,
  "gnomAD": 8.256697396980599,
  "GOOGLE_TRENDS": 6.666115091880783,
  "nhtsa_traffic_fatalities_plus": 5.434833750827238,
  "nhtsa_traffic_fatalities": 5.596792957978323,
  "sdoh": 13.649718801025301,
  "openaq": 5.96620730496943,
  "STACKOVERFLOW": 6.111343028955162,
  "stackoverflow": 6.093267416814342,
  "fhir_synthea": 6.938486524857581,
  "the_met": 5.620895550819114,
  "eclipse_megamovie": 6.849986593006179,
  "epa_historical_air_quality": 6.041388398967683,
  "IDC": 7.219665103126317,
  "IOWA_LIQUOR_SALES": 5.543083848897368,
  "iowa_liquor_sales": 6.988770133117214,
  "iowa_liquor_sales_plus": 6.061934063909575,
  "nppes": 5.939508058829233,
  "usa_names": 5.577329611638561,
  "TCGA": 6.152748625725508,
  "CPTAC_PDC": 6.4327014060691,
  "TCGA_MITELMAN": 6.293754244921729,
  "TCGA_HG19_DATA_V0": 6.450538194971159,
  "TCGA_HG38_DATA_V0": 5.797672502929345,
  "PANCANCER_ATLAS_1": 6.672885585110635,
  "pancancer_atlas_2": 6.30711013590917,
  "_1000_genomes": 5.5410800280515105,
  "austin": 6.561699700774625,
  "bbc": 5.97004490182735,
  "dimensions_ai_covid19": 7.0312099328730255,
  "ebi_chembl": 6.782847245922312,
  "fda": 6.429271944798529,
  "GOOGLE_ADS": 5.581574175274,
  "world_bank": 7.096291701775044,
  "london": 5.8009136179462075,
  "irs_990": 5.815896823303774,
  "ecommerce": 7.436811355641112,
  "META_KAGGLE": 6.524952904088423,
  "DEATH": 6.001430069794878,
  "firebase": 6.311292174970731,
  "E_commerce": 6.566305992892012,
  "Baseball": 6.268116551684216,
  "California_Traffic_Collision": 6.676627615233883,
  "WWE": 5.787539904238656,
  "IPL": 7.153992051025853,
  "Brazilian_E_Commerce": 6.185728146694601,
  "Pagila": 6.072086113039404,
  "education_business": 5.536485536955297,
  "modern_data": 6.807995269075036,
  "bank_sales_trading": 6.514311842387542,
  "DB_IMDB": 6.487266010837629,
  "EntertainmentAgency": 5.685477458173409,
  "SQLITE_SAKILA": 5.964054445968941,
  "delivery_center": 6.552041078917682,
  "EU_soccer": 6.660685316892341,
  "f1": 6.682753273984417,
  "GLOBAL_WEATHER__CLIMATE_DATA_FOR_BI": 6.120688769733533,
  "FINANCE__ECONOMICS": 5.770469615003094,
  "WEATHER__ENVIRONMENT": 5.978540906915441,
  "BRAZE_USER_EVENT_DEMO_DATASET": 6.903561531333253,
  "US_ADDRESSES__POI": 6.0187892250251025,
  "CENSUS_GALAXY__ZIP_CODE_TO_BLOCK_GROUP_SAMPLE": 5.817341322777793,
  "CENSUS_GALAXY__AIML_MODEL_DATA_ENRICHMENT_SAMPLE": 4638.657378320815,
  "total": 11226.497227704851
}