{
  "ASIS_20161108_HerpInv_Database": 3.4805668729823083,
  "ATBI": 3.455024443101138,
  "CratersWildlifeObservations": 3.1675053362268955,
  "KlamathInvasiveSpecies": 3.4167152538429946,
  "NorthernPlainsFireManagement": 3.4026921349577606,
  "NTSB": 7.96011131326668,
  "NYSED_SRC2022": 5.453467876184732,
  "PacificIslandLandbirds": 3.391894944012165,
  "SBODemoUS": 4284.781909123296,
  "total": 9449.434574089013
}