{
  "ASIS_20161108_HerpInv_Database": 105.27533127903007,
  "ATBI": 84.86748307099333,
  "CratersWildlifeObservations": 39.347062396002,
  "KlamathInvasiveSpecies": 52.31796328298515,
  "NorthernPlainsFireManagement": 91.27609278296586,
  "NTSB": 151.13805976399453,
  "NYSED_SRC2022": 80.87809288001154,
  "PacificIslandLandbirds": 65.64810292498441,
  "SBODemoUS": 9068.950384352996,
  "total": 9740.128820303013
}