{
  "debit_card_specializing": 19.17483065504348,
  "financial": 20.946248046006076,
  "formula_1": 38.22665418102406,
  "california_schools": 10.45032359904144,
  "card_games": 23.914289423031732,
  "european_football_2": 23.777355922036804,
  "thrombosis_prediction": 9.406353715981822,
  "toxicology": 10.925809666980058,
  "student_club": 28.762604788993485,
  "superhero": 26.291584436025005,
  "codebase_community": 29.403271646995563,
  "total": 241.43402916495688
}