{
  "PATENTS": 14.044117062992882,
  "PATENTS_GOOGLE": 12.72640072304057,
  "PATENTSVIEW": 178.15481132100103,
  "GITHUB_REPOS_DATE": 114.71845413302071,
  "GITHUB_REPOS": 19.9217021970544,
  "cms_data": 157.92590823001228,
  "noaa_data": 748.0022837070283,
  "NOAA_DATA_PLUS": 825.8784506380325,
  "NEW_YORK_CITIBIKE_1": 423.42294714192394,
  "noaa_gsod": 305.75030168599915,
  "NOAA_GLOBAL_FORECAST_SYSTEM": 36.368876077001914,
  "GEO_OPENSTREETMAP": 33.29250678792596,
  "CENSUS_BUREAU_ACS_2": 1038.4980589159532,
  "GEO_OPENSTREETMAP_CENSUS_PLACES": 234.38992966106161,
  "GEO_OPENSTREETMAP_WORLDPOP": 31.68749628099613,
  "CRYPTO": 116.35114313405938,
  "HUMAN_GENOME_VARIANTS": 26.521088307956234,
  "ETHEREUM_BLOCKCHAIN": 18.15841320005711,
  "ghcn_d": 903.9184508790495,
  "new_york": 75.30669531598687,
  "new_york_plus": 138.43301310297102,
  "san_francisco": 23.922040698002093,
  "san_francisco_plus": 61.27706771099474,
  "SAN_FRANCISCO_PLUS": 59.397286485065706,
  "THELOOK_ECOMMERCE": 23.109395847888663,
  "census_bureau_international": 30.34332117100712,
  "covid19_open_data": 3.278611709945835,
  "covid19_open_world_bank": 77.2779310370097,
  "covid19_jhu_world_bank": 84.79052070702892,
  "covid19_nyt": 14.464083425933495,
  "covid19_symptom_search": 21.971519507933408,
  "covid19_usa": 992.2786679510027,
  "census_bureau_acs_1": 1150.0546908839606,
  "ncaa_basketball": 32.50532055797521,
  "ncaa_insights": 50.679476400022395,
  "google_dei": 488.0288304879796,
  "DEPS_DEV_V1": 33.7693684999831,
  "chicago": 5.443079350050539,
  "open_targets_platform_1": 96.1262653110316,
  "open_targets_platform_2": 90.33689303603023,
  "open_targets_genetics_1": 51.11041138705332,
  "CYMBAL_INVESTMENTS": 4.890797075000592,
  "gbif": 2.402273728977889,
  "gnomAD": 239.47863090899773,
  "GOOGLE_TRENDS": 10.41417112306226,
  "nhtsa_traffic_fatalities_plus": 112.83831520099193,
  "nhtsa_traffic_fatalities": 71.87027462606784,
  "sdoh": 997.2667159879347,
  "openaq": 108.75642073806375,
  "STACKOVERFLOW": 61.87450192007236,
  "stackoverflow": 60.81918277393561,
  "fhir_synthea": 69.76496584096458,
  "the_met": 9.46995863399934,
  "eclipse_megamovie": 23.10784121393226,
  "epa_historical_air_quality": 101.16543624200858,
  "IDC": 51.172666335012764,
  "IOWA_LIQUOR_SALES": 3.025076920981519,
  "iowa_liquor_sales": 2.4877272750018165,
  "iowa_liquor_sales_plus": 9.232042434043251,
  "nppes": 69.79979050706606,
  "usa_names": 8.045770345022902,
  "TCGA": 538.7414087930229,
  "CPTAC_PDC": 240.25303298898507,
  "TCGA_MITELMAN": 581.4771448469255,
  "TCGA_HG19_DATA_V0": 101.57087251206394,
  "TCGA_HG38_DATA_V0": 171.632634183974,
  "PANCANCER_ATLAS_1": 31.865303196012974,
  "pancancer_atlas_2": 64.05214705399703,
  "_1000_genomes": 7.578786530066282,
  "austin": 31.943054756964557,
  "bbc": 2.1076949059497565,
  "dimensions_ai_covid19": 17.65186866291333,
  "ebi_chembl": 2476.11398185289,
  "fda": 279.9001808699686,
  "GOOGLE_ADS": 10.5101785720326,
  "world_bank": 67.1859197410522,
  "london": 5.911890762974508,
  "ecommerce": 50.88100893504452,
  "META_KAGGLE": 77.60222777491435,
  "DEATH": 88.0688260429306,
  "firebase": 421.3084856040077,
  "ga4": 343.51464595797006,
  "E_commerce": 26.687885663006455,
  "Baseball": 87.1410507109249,
  "California_Traffic_Collision": 12.574381498037837,
  "WWE": 28.89926752599422,
  "IPL": 24.317786026047543,
  "Brazilian_E_Commerce": 26.177529262029566,
  "Pagila": 65.20681400597095,
  "education_business": 56.13387339003384,
  "modern_data": 51.171230375999585,
  "bank_sales_trading": 43.67038207501173,
  "DB_IMDB": 40.39233363000676,
  "EntertainmentAgency": 37.355995611986145,
  "SQLITE_SAKILA": 64.29075169493444,
  "delivery_center": 19.243538344977424,
  "EU_soccer": 27.624761751969345,
  "f1": 91.21293659100775,
  "GLOBAL_WEATHER__CLIMATE_DATA_FOR_BI": 12.536609943024814,
  "FINANCE__ECONOMICS": 156.11271595594008,
  "WEATHER__ENVIRONMENT": 63.61186800408177,
  "BRAZE_USER_EVENT_DEMO_DATASET": 194.15363812097348,
  "US_ADDRESSES__POI": 26.639676420018077,
  "CENSUS_GALAXY__ZIP_CODE_TO_BLOCK_GROUP_SAMPLE": 27.468976704985835,
  "CENSUS_GALAXY__AIML_MODEL_DATA_ENRICHMENT_SAMPLE": 27.48010578902904,
  "total": 17681.768917604
}