{
  "debit_card_specializing": 9.325225683976896,
  "financial": 27.51428814092651,
  "formula_1": 47.95028431084938,
  "california_schools": 42.510194594971836,
  "card_games": 83.91618301498238,
  "european_football_2": 188.93123942706734,
  "thrombosis_prediction": 28.294478119933046,
  "toxicology": 4.581827358924784,
  "student_club": 24.35723624401726,
  "superhero": 14.142021530074999,
  "codebase_community": 41.67262291093357,
  "total": 513.2290615789825
}