{
  "ga4": 49.78705371101387,
  "ga360": 598.5526703381911,
  "PATENTS": 0.4994913758710027,
  "PATENTS_GOOGLE": 0.5859945449046791,
  "PATENTSVIEW": 0.778790871379897,
  "GITHUB_REPOS_DATE": 0.7495042269583791,
  "GITHUB_REPOS": 0.3722675917670131,
  "cms_data": 2.876379150431603,
  "noaa_data": 33.07888286490925,
  "NOAA_DATA_PLUS": 33.09998199576512,
  "NEW_YORK_CITIBIKE_1": 17.389720348175615,
  "noaa_gsod": 20.18553786096163,
  "NOAA_GLOBAL_FORECAST_SYSTEM": 0.684492371045053,
  "GEO_OPENSTREETMAP": 0.801106926985085,
  "CENSUS_BUREAU_ACS_2": 416.2364590843208,
  "GEO_OPENSTREETMAP_CENSUS_PLACES": 6.179408723022789,
  "GEO_OPENSTREETMAP_WORLDPOP": 0.4528574589639902,
  "CRYPTO": 6.413035627920181,
  "HUMAN_GENOME_VARIANTS": 0.9720970180351287,
  "ETHEREUM_BLOCKCHAIN": 0.6629610978998244,
  "ghcn_d": 8.137846083845943,
  "new_york": 1.8198549149092287,
  "new_york_plus": 3.3881399971432984,
  "san_francisco": 0.7121891609858721,
  "san_francisco_plus": 1.1548450400587171,
  "SAN_FRANCISCO_PLUS": 1.2044583081733435,
  "THELOOK_ECOMMERCE": 0.308284173021093,
  "census_bureau_international": 0.6519408961758018,
  "covid19_open_data": 2.552935146028176,
  "covid19_open_world_bank": 4.182446486316621,
  "covid19_jhu_world_bank": 16.157064693514258,
  "covid19_nyt": 0.4429508161265403,
  "covid19_symptom_search": 11.374426546739414,
  "covid19_usa": 329.55723211169243,
  "census_bureau_acs_1": 352.68496455065906,
  "ncaa_basketball": 2.518067264929414,
  "ncaa_insights": 2.1255466593429446,
  "bls": 128.17527058441192,
  "google_dei": 140.15116337290965,
  "DEPS_DEV_V1": 0.49309141701087356,
  "chicago": 0.5328278820961714,
  "open_targets_platform_1": 2.993421922903508,
  "open_targets_platform_2": 3.529158943099901,
  "open_targets_genetics_1": 1.1214104851242155,
  "CYMBAL_INVESTMENTS": 0.6666010350454599,
  "gbif": 0.6565114459954202,
  "gnomAD": 212.62022856413387,
  "GOOGLE_TRENDS": 0.9365404401905835,
  "nhtsa_traffic_fatalities_plus": 2.1467543989419937,
  "nhtsa_traffic_fatalities": 1.6075379797257483,
  "sdoh": 380.5026074000634,
  "openaq": 4.676656403113157,
  "STACKOVERFLOW": 0.3445881709922105,
  "stackoverflow": 0.9585075022187084,
  "fhir_synthea": 67.91381384199485,
  "the_met": 0.5636264909990132,
  "eclipse_megamovie": 0.7065562480129302,
  "epa_historical_air_quality": 7.103189889108762,
  "IDC": 9.204620221164078,
  "IOWA_LIQUOR_SALES": 0.3958444339223206,
  "iowa_liquor_sales": 0.46947130700573325,
  "iowa_liquor_sales_plus": 0.4540343258995563,
  "nppes": 3.9615126750431955,
  "usa_names": 0.4792445769999176,
  "TCGA": 22.942102387780324,
  "CPTAC_PDC": 7.427829562453553,
  "TCGA_MITELMAN": 24.189840021543205,
  "TCGA_HG19_DATA_V0": 2.135013012913987,
  "TCGA_HG38_DATA_V0": 6.152093501295894,
  "PANCANCER_ATLAS_1": 6.452634699642658,
  "pancancer_atlas_2": 9.275531972991303,
  "_1000_genomes": 0.5362996268086135,
  "austin": 0.6421506691258401,
  "bbc": 0.5153059992007911,
  "dimensions_ai_covid19": 6.10646988870576,
  "ebi_chembl": 26.71581507869996,
  "fda": 4.890518044820055,
  "GOOGLE_ADS": 0.738663568161428,
  "world_bank": 1.4434788760263473,
  "london": 0.5179418097250164,
  "irs_990": 9.803336320910603,
  "ecommerce": 1.9209988578222692,
  "META_KAGGLE": 0.556188004091382,
  "DEATH": 0.7217374488245696,
  "firebase": 29.9983763913624,
  "E_commerce": 0.49130411399528384,
  "Baseball": 1.172782856039703,
  "California_Traffic_Collision": 0.4341139879543334,
  "WWE": 0.3855254368390888,
  "IPL": 0.36664901999756694,
  "Brazilian_E_Commerce": 0.4665308219846338,
  "Pagila": 0.3558510718867183,
  "education_business": 0.5162829752080142,
  "modern_data": 0.3855303272139281,
  "bank_sales_trading": 0.45255122799426317,
  "DB_IMDB": 0.3218250088393688,
  "EntertainmentAgency": 0.6046937541104853,
  "SQLITE_SAKILA": 0.3009465578943491,
  "delivery_center": 0.4004345228895545,
  "EU_soccer": 1.038899291306734,
  "f1": 0.7674302698578686,
  "GLOBAL_WEATHER__CLIMATE_DATA_FOR_BI": 1.5927974607329816,
  "FINANCE__ECONOMICS": 1.6799321498256177,
  "WEATHER__ENVIRONMENT": 2.056008978979662,
  "BRAZE_USER_EVENT_DEMO_DATASET": 7.638592164264992,
  "US_ADDRESSES__POI": 0.510622797999531,
  "CENSUS_GALAXY__ZIP_CODE_TO_BLOCK_GROUP_SAMPLE": 0.6420239207800478,
  "CENSUS_GALAXY__AIML_MODEL_DATA_ENRICHMENT_SAMPLE": 0.5584856350906193,
  "total": 3389.9005705739837
}